product_name,merchant_category,search_price,aw_image_url,merchant_deep_link,category_name
Ben Sherman Boys Core Backpack Black,Boys|Bags|Rucksacks,15.95,https://images2.productserve.com/?w=200&h=200&bg=white&trim=5&t=letterbox&url=ssl%3Aresources.mandmdirect.com%2FImages%2F_default%2Fb%2Fs%2F2%2Fbs2792_1_large.jpg&feedId=2606&k=0da60ae48909ce94de742139c31744169cd7c65a,http://www.mandmdirect.ie/01/details/BS2792,Bags
Ben Sherman Boys Core Backpack Indigo,Boys|Bags|Rucksacks,15.95,https://images2.productserve.com/?w=200&h=200&bg=white&trim=5&t=letterbox&url=ssl%3Aresources.mandmdirect.com%2FImages%2F_default%2Fb%2Fs%2F2%2Fbs2793_1_large.jpg&feedId=2606&k=410b365ff737657dfbea079b68fd5df1d82fc5a6,http://www.mandmdirect.ie/01/details/BS2793,Bags
Ben Sherman Boys Union Jack Backpack Red,Boys|Bags|Rucksacks,15.95,https://images2.productserve.com/?w=200&h=200&bg=white&trim=5&t=letterbox&url=ssl%3Aresources.mandmdirect.com%2FImages%2F_default%2Fb%2Fs%2F2%2Fbs2794_1_large.jpg&feedId=2606&k=6e410f466a4566c0402194525c3d198f31af03ae,http://www.mandmdirect.ie/01/details/BS2794,Bags
Ben Sherman Boys Target Backpack Red,Boys|Bags|Rucksacks,15.95,https://images2.productserve.com/?w=200&h=200&bg=white&trim=5&t=letterbox&url=ssl%3Aresources.mandmdirect.com%2FImages%2F_default%2Fb%2Fs%2F2%2Fbs2795_1_large.jpg&feedId=2606&k=ffb8f1a8e132b2b82d2db62237ff22de99d72eff,http://www.mandmdirect.ie/01/details/BS2795,Bags
Ben Sherman Boys Zip Backpack Navy,Boys|Bags|Rucksacks,15.95,https://images2.productserve.com/?w=200&h=200&bg=white&trim=5&t=letterbox&url=ssl%3Aresources.mandmdirect.com%2FImages%2F_default%2Fb%2Fs%2F2%2Fbs2796_1_large.jpg&feedId=2606&k=62194c75853898a40f4ff474863a2a48b68e168b,http://www.mandmdirect.ie/01/details/BS2796,Bags
Beck And Hersey Junior Rucksack Blue Multi,Boys|Bags|Rucksacks,15.95,https://images2.productserve.com/?w=200&h=200&bg=white&trim=5&t=letterbox&url=ssl%3Aresources.mandmdirect.com%2FImages%2F_default%2Fb%2Fy%2F2%2Fby288_1_large.jpg&feedId=2606&k=fd725a2d3f0f075cdd5501966016975bef7a1079,http://www.mandmdirect.ie/01/details/BY288,Bags
Beck And Hersey Junior Rucksack Black,Boys|Bags|Rucksacks,15.95,https://images2.productserve.com/?w=200&h=200&bg=white&trim=5&t=letterbox&url=ssl%3Aresources.mandmdirect.com%2FImages%2F_default%2Fb%2Fy%2F2%2Fby289_1_large.jpg&feedId=2606&k=17ee6b21a08816965b4beabc57afdf473ac1115e,http://www.mandmdirect.ie/01/details/BY289,Bags
Beck And Hersey Junior Rucksack Red Multi,Boys|Bags|Rucksacks,15.95,https://images2.productserve.com/?w=200&h=200&bg=white&trim=5&t=letterbox&url=ssl%3Aresources.mandmdirect.com%2FImages%2F_default%2Fb%2Fy%2F2%2Fby290_1_large.jpg&feedId=2606&k=ef4223b0e549346994078c3f5fbb08976adc4e00,http://www.mandmdirect.ie/01/details/BY290,Bags
Beck And Hersey Junior Rucksack Multi,Boys|Bags|Rucksacks,15.95,https://images2.productserve.com/?w=200&h=200&bg=white&trim=5&t=letterbox&url=ssl%3Aresources.mandmdirect.com%2FImages%2F_default%2Fb%2Fy%2F2%2Fby291_1_large.jpg&feedId=2606&k=ea93299119002764499265900dd0bc5247d07103,http://www.mandmdirect.ie/01/details/BY291,Bags
DFND London Boys Backpack Navy,Boys|Bags|Rucksacks,9.95,https://images2.productserve.com/?w=200&h=200&bg=white&trim=5&t=letterbox&url=ssl%3Aresources.mandmdirect.com%2FImages%2F_default%2Fd%2Ff%2F2%2Fdf259_1_large.jpg&feedId=2606&k=aa2215a6db9e7f9778b8b211e73c70801195208f,http://www.mandmdirect.ie/01/details/DF259,Bags
Fluid Boys Raglan Long Sleeve Hooded Top Light Grey Marl/Charcoal Marl,Boys|Hoodies And Sweatshirts|Hoodies,20.95,https://images2.productserve.com/?w=200&h=200&bg=white&trim=5&t=letterbox&url=ssl%3Aresources.mandmdirect.com%2FImages%2F_default%2Ff%2Fd%2F1%2Ffd1192_1_large.jpg&feedId=2606&k=58dd93898f20a13bdef6ec922061b9f4c7701f47,http://www.mandmdirect.ie/01/details/FD1192,Children's Clothing
Converse Boys Core CTP French Terry Pullover Red,Boys|Hoodies And Sweatshirts|Hoodies,22.95,https://images2.productserve.com/?w=200&h=200&bg=white&trim=5&t=letterbox&url=ssl%3Aresources.mandmdirect.com%2FImages%2F_default%2Fv%2Fr%2F9%2Fvr957_1_large.jpg&feedId=2606&k=4ae5707dbf2fa49622bde38cbb74a22458b29d1b,http://www.mandmdirect.ie/01/details/VR957,Children's Clothing
Converse Junior Boys Core CTP French Terry Sweat Red,Boys|Hoodies And Sweatshirts|Hoodies,27.95,https://images2.productserve.com/?w=200&h=200&bg=white&trim=5&t=letterbox&url=ssl%3Aresources.mandmdirect.com%2FImages%2F_default%2Fv%2Fr%2F9%2Fvr958_1_large.jpg&feedId=2606&k=77161d52058cf4487c07c66795828a98dd1cd9de,http://www.mandmdirect.ie/01/details/VR958,Children's Clothing
Brave Soul Junior Boys State OTH Hoody Light Grey Marl/Navy,Boys|Hoodies And Sweatshirts|OTH Hoody,9.95,https://images2.productserve.com/?w=200&h=200&bg=white&trim=5&t=letterbox&url=ssl%3Aresources.mandmdirect.com%2FImages%2F_default%2Fb%2Fv%2F9%2Fbv981_1_large.jpg&feedId=2606&k=c6c4e90d3bf208ae152387822824cc6097dba582,http://www.mandmdirect.ie/01/details/BV981,Boys' Clothes
Brave Soul Junior Boys State OTH Hoody Red/Navy,Boys|Hoodies And Sweatshirts|OTH Hoody,9.95,https://images2.productserve.com/?w=200&h=200&bg=white&trim=5&t=letterbox&url=ssl%3Aresources.mandmdirect.com%2FImages%2F_default%2Fb%2Fv%2F9%2Fbv982_1_large.jpg&feedId=2606&k=aa38f4bcddd9331ad8c3a14f375d8b87361bf784,http://www.mandmdirect.ie/01/details/BV982,Boys' Clothes
Beck And Hersey Junior Boys Hoody Brown/Khaki Camo,Boys|Hoodies And Sweatshirts|OTH Hoody,17.95,https://images2.productserve.com/?w=200&h=200&bg=white&trim=5&t=letterbox&url=ssl%3Aresources.mandmdirect.com%2FImages%2F_default%2Fb%2Fy%2F2%2Fby284_1_large.jpg&feedId=2606&k=b11a77444a8deee29c6c075ae4c8855cb39c7f3f,http://www.mandmdirect.ie/01/details/BY284,Boys' Clothes
Beck And Hersey Junior Boys Hoody Grey,Boys|Hoodies And Sweatshirts|OTH Hoody,15.95,https://images2.productserve.com/?w=200&h=200&bg=white&trim=5&t=letterbox&url=ssl%3Aresources.mandmdirect.com%2FImages%2F_default%2Fb%2Fy%2F2%2Fby285_1_large.jpg&feedId=2606&k=09ab8ad75cdc87c876ab86399565e75338fa0c11,http://www.mandmdirect.ie/01/details/BY285,Boys' Clothes
Beck And Hersey Junior Boys Hoody Black,Boys|Hoodies And Sweatshirts|OTH Hoody,17.95,https://images2.productserve.com/?w=200&h=200&bg=white&trim=5&t=letterbox&url=ssl%3Aresources.mandmdirect.com%2FImages%2F_default%2Fb%2Fy%2F2%2Fby286_1_large.jpg&feedId=2606&k=f5d8e041924147e4943f2f94b1ab27d26ab2eef0,http://www.mandmdirect.ie/01/details/BY286,Boys' Clothes
Beck And Hersey Junior Boys Galaxy Print Hoody Multi,Boys|Hoodies And Sweatshirts|OTH Hoody,17.95,https://images2.productserve.com/?w=200&h=200&bg=white&trim=5&t=letterbox&url=ssl%3Aresources.mandmdirect.com%2FImages%2F_default%2Fb%2Fy%2F2%2Fby287_1_large.jpg&feedId=2606&k=05fd5fef738a5545738ce5cbc3a2e38fb3ded4fa,http://www.mandmdirect.ie/01/details/BY287,Boys' Clothes
DFND London Boys Cracked Hoody Black,Boys|Hoodies And Sweatshirts|OTH Hoody,16.95,https://images2.productserve.com/?w=200&h=200&bg=white&trim=5&t=letterbox&url=ssl%3Aresources.mandmdirect.com%2FImages%2F_default%2Fd%2Ff%2F1%2Fdf197_1_large.jpg&feedId=2606&k=ae7b7ce4663ddcd38540dee20b2ab899cd684d4f,http://www.mandmdirect.ie/01/details/DF197,Boys' Clothes
DFND London Boys Half Camo Hoody  Black/Grey,Boys|Hoodies And Sweatshirts|OTH Hoody,17.95,https://images2.productserve.com/?w=200&h=200&bg=white&trim=5&t=letterbox&url=ssl%3Aresources.mandmdirect.com%2FImages%2F_default%2Fd%2Ff%2F1%2Fdf198_1_large.jpg&feedId=2606&k=e2cbc10a953a600b0821e5e54cca20de177911de,http://www.mandmdirect.ie/01/details/DF198,Boys' Clothes
Under Armour Junior ColdGear Evo Fitted Long Sleeve Mock Top Royal,Boys|Sports Performance Tops|Baselayer,23.95,https://images2.productserve.com/?w=200&h=200&bg=white&trim=5&t=letterbox&url=ssl%3Aresources.mandmdirect.com%2FImages%2F_default%2Fu%2Fj%2F9%2Fuj915_1_large.jpg&feedId=2606&k=b02c763ab1650bc6e941f069eef650454ad64e7d,http://www.mandmdirect.ie/01/details/UJ915,Boys' Clothes
Under Armour Junior ColdGear Evo Fitted Long Sleeve Mock Top Red,Boys|Sports Performance Tops|Baselayer,23.95,https://images2.productserve.com/?w=200&h=200&bg=white&trim=5&t=letterbox&url=ssl%3Aresources.mandmdirect.com%2FImages%2F_default%2Fu%2Fj%2F9%2Fuj916_1_large.jpg&feedId=2606&k=5d712166ebe0f120f4cc0c6d8af41b93cdf2a614,http://www.mandmdirect.ie/01/details/UJ916,Boys' Clothes
adidas Junior CFC Chelsea Away Jersey White/Chelsea Blue/Power Red,Boys|Sports Performance Tops|Football Shirts,15.95,https://images2.productserve.com/?w=200&h=200&bg=white&trim=5&t=letterbox&url=ssl%3Aresources.mandmdirect.com%2FImages%2F_default%2Fa%2Fd%2F1%2Fad12374_1_large.jpg&feedId=2606&k=a2318b8a9944cd7a3ceff784005469c776c41819,http://www.mandmdirect.ie/01/details/AD12374,Boys' Clothes
adidas Junior MUFC Manchester United 3 Stripe Training Top Mineral Blue/Collegiate Navy/White,Boys|Sports Performance Tops|Football Shirts,14.95,https://images2.productserve.com/?w=200&h=200&bg=white&trim=5&t=letterbox&url=ssl%3Aresources.mandmdirect.com%2FImages%2F_default%2Fa%2Fd%2F1%2Fad13374_1_large.jpg&feedId=2606&k=6a173a1b38627fdbe8d5280a38fe02e00a700435,http://www.mandmdirect.ie/01/details/AD13374,Boys' Clothes
adidas Infant Boys RMCF Real Madrid Third Kit Night Indigo/Bright Blue,Boys|Sports Performance Tops|Sports Performance Tops,23.95,https://images2.productserve.com/?w=200&h=200&bg=white&trim=5&t=letterbox&url=ssl%3Aresources.mandmdirect.com%2FImages%2F_default%2Fa%2Fd%2F1%2Fad13326_1_large.jpg&feedId=2606&k=0c278e787010376a2ed33e78b25e064f629f7905,http://www.mandmdirect.ie/01/details/AD13326,Boys' Clothes
adidas Boys RMCF Real Madrid Away Goalkeeper Kit Green,Boys|Sports Performance Tops|Sports Performance Tops,23.95,https://images2.productserve.com/?w=200&h=200&bg=white&trim=5&t=letterbox&url=ssl%3Aresources.mandmdirect.com%2FImages%2F_default%2Fa%2Fd%2F1%2Fad13328_1_large.jpg&feedId=2606&k=e29fa344b9c8c61cfca73414b828c9c35e379838,http://www.mandmdirect.ie/01/details/AD13328,Boys' Clothes
adidas Infant Boys CFC Chelsea Away Kit Black,Boys|Sports Performance Tops|Sports Performance Tops,15.95,https://images2.productserve.com/?w=200&h=200&bg=white&trim=5&t=letterbox&url=ssl%3Aresources.mandmdirect.com%2FImages%2F_default%2Fa%2Fd%2F1%2Fad13332_1_large.jpg&feedId=2606&k=4dce2bd0c8f91525427143ebd8bb33c7d1ce1987,http://www.mandmdirect.ie/01/details/AD13332,Boys' Clothes
adidas Baby CFC Chelsea Away Kit Black/Solar Yellow/Granite,Boys|Sports Performance Tops|Sports Performance Tops,14.95,https://images2.productserve.com/?w=200&h=200&bg=white&trim=5&t=letterbox&url=ssl%3Aresources.mandmdirect.com%2FImages%2F_default%2Fa%2Fd%2F1%2Fad13333_1_large.jpg&feedId=2606&k=1ef4ed43989e85bb12393faf6f2c9fdc5ba3df8c,http://www.mandmdirect.ie/01/details/AD13333,Boys' Clothes
adidas Junior KONN 16 3 Stripe ClimaLite Shirt Collegiate Navy/Shock Pink,Boys|Sports Performance Tops|Sports Performance Tops,9.95,https://images2.productserve.com/?w=200&h=200&bg=white&trim=5&t=letterbox&url=ssl%3Aresources.mandmdirect.com%2FImages%2F_default%2Fa%2Fd%2F1%2Fad13335_1_large.jpg&feedId=2606&k=bfd44e9ac5d539d9baf37acaa95e5d26565bbf35,http://www.mandmdirect.ie/01/details/AD13335,Boys' Clothes
adidas Junior RMCF Real Madrid 3 Stripe Long Sleeve Mock Neck Training Top Ray Purple/Crystal White,Boys|Sports Performance Tops|Sports Performance Tops,23.95,https://images2.productserve.com/?w=200&h=200&bg=white&trim=5&t=letterbox&url=ssl%3Aresources.mandmdirect.com%2FImages%2F_default%2Fa%2Fd%2F1%2Fad13342_1_large.jpg&feedId=2606&k=fedb7b4cc006d8659a28a5b79b8e0b40e4bed627,http://www.mandmdirect.ie/01/details/AD13342,Boys' Clothes
adidas Junior MUFC Manchester United 3 Stripe Long Sleeve Mock Neck Training Top Blue,Boys|Sports Performance Tops|Sports Performance Tops,23.95,https://images2.productserve.com/?w=200&h=200&bg=white&trim=5&t=letterbox&url=ssl%3Aresources.mandmdirect.com%2FImages%2F_default%2Fa%2Fd%2F1%2Fad13346_1_large.jpg&feedId=2606&k=2dcc24bc01cd3e75972d3a5d5f00b658637d41c6,http://www.mandmdirect.ie/01/details/AD13346,Boys' Clothes
adidas Originals Junior ZX Flux Trainers Unity Ink/Unity Ink/White,Boys|Trainers|Trainers,35.95,https://images2.productserve.com/?w=200&h=200&bg=white&trim=5&t=letterbox&url=ssl%3Aresources.mandmdirect.com%2FImages%2F_default%2Fa%2Fo%2F2%2Fao2772_1_large.jpg&feedId=2606&k=ae49dd25c86345fb0229aaf1503ac162f36229b7,http://www.mandmdirect.ie/01/details/AO2772,Children's Footwear
adidas Originals Junior ZX Flux ADV Xeno Trainers Core Black/Core Black/Reflective,Boys|Trainers|Trainers,41.95,https://images2.productserve.com/?w=200&h=200&bg=white&trim=5&t=letterbox&url=ssl%3Aresources.mandmdirect.com%2FImages%2F_default%2Fa%2Fo%2F2%2Fao2782_1_large.jpg&feedId=2606&k=841d07c388a58ccb06071c1b2fdd467158945591,http://www.mandmdirect.ie/01/details/AO2782,Children's Footwear
adidas Originals Junior ZX Flux ADV Tech Trainers Core Black/Core Black/Core Black,Boys|Trainers|Trainers,35.95,https://images2.productserve.com/?w=200&h=200&bg=white&trim=5&t=letterbox&url=ssl%3Aresources.mandmdirect.com%2FImages%2F_default%2Fa%2Fo%2F2%2Fao2783_1_large.jpg&feedId=2606&k=d04039a69833e100c436a568cec20fa23bc5bcce,http://www.mandmdirect.ie/01/details/AO2783,Children's Footwear
adidas Originals Junior Los Angeles Trainers Core Black/Ray Red/White,Boys|Trainers|Trainers,35.95,https://images2.productserve.com/?w=200&h=200&bg=white&trim=5&t=letterbox&url=ssl%3Aresources.mandmdirect.com%2FImages%2F_default%2Fa%2Fo%2F2%2Fao2796_1_large.jpg&feedId=2606&k=ff6c9a3eba4c425c150313da70682654d8846213,http://www.mandmdirect.ie/01/details/AO2796,Children's Footwear
adidas Originals Junior ZX Flux ADV Trainers University Blue/Blue/White,Boys|Trainers|Trainers,39.95,https://images2.productserve.com/?w=200&h=200&bg=white&trim=5&t=letterbox&url=ssl%3Aresources.mandmdirect.com%2FImages%2F_default%2Fa%2Fo%2F2%2Fao2798_1_large.jpg&feedId=2606&k=f5c5db7c828114b03bb314a3eabad4d60576cbbe,http://www.mandmdirect.ie/01/details/AO2798,Children's Footwear
adidas Originals Infant Superstar Metallic Snake Trainers White/White/Core Black,Boys|Trainers|Trainers,29.95,https://images2.productserve.com/?w=200&h=200&bg=white&trim=5&t=letterbox&url=ssl%3Aresources.mandmdirect.com%2FImages%2F_default%2Fa%2Fo%2F3%2Fao3081_1_large.jpg&feedId=2606&k=ddf1963da853717fa1af7564ad5f27c7559b53ad,http://www.mandmdirect.ie/01/details/AO3081,Children's Footwear
adidas Originals Junior Gazelle Trainers Blue/Footwear White/Gold Metallic,Boys|Trainers|Trainers,41.95,https://images2.productserve.com/?w=200&h=200&bg=white&trim=5&t=letterbox&url=ssl%3Aresources.mandmdirect.com%2FImages%2F_default%2Fa%2Fo%2F3%2Fao3082_1_large.jpg&feedId=2606&k=df142fabcd77b93bc4351082581da8546a863c60,http://www.mandmdirect.ie/01/details/AO3082,Children's Footwear
adidas Originals Infant Gazelle Trainers Clear Onix/Red/Gold Metallic,Boys|Trainers|Trainers,27.95,https://images2.productserve.com/?w=200&h=200&bg=white&trim=5&t=letterbox&url=ssl%3Aresources.mandmdirect.com%2FImages%2F_default%2Fa%2Fo%2F3%2Fao3083_1_large.jpg&feedId=2606&k=aad0f236591055960f0d8599a62f5d26da746f80,http://www.mandmdirect.ie/01/details/AO3083,Children's Footwear
adidas Originals Junior Gazelle 3D Trainers Core Red/Footwear White/Core Red,Boys|Trainers|Trainers,41.95,https://images2.productserve.com/?w=200&h=200&bg=white&trim=5&t=letterbox&url=ssl%3Aresources.mandmdirect.com%2FImages%2F_default%2Fa%2Fo%2F3%2Fao3084_1_large.jpg&feedId=2606&k=3d942890a88b805b264c485ae6cc44f4e82483d5,http://www.mandmdirect.ie/01/details/AO3084,Children's Footwear
adidas Originals Junior Stan Smith C Trainers Footwear White/Footwear White/Utility Black,Boys|Trainers|Trainers,35.95,https://images2.productserve.com/?w=200&h=200&bg=white&trim=5&t=letterbox&url=ssl%3Aresources.mandmdirect.com%2FImages%2F_default%2Fa%2Fo%2F3%2Fao3085_1_large.jpg&feedId=2606&k=8680143d377efa1e09449f256230e630c783696a,http://www.mandmdirect.ie/01/details/AO3085,Children's Footwear
Babeskin Junior Hooded Sweatshirt Purple Opulence,Girls|Hoodies And Sweatshirts|OTH Hoody,11.95,https://images2.productserve.com/?w=200&h=200&bg=white&trim=5&t=letterbox&url=ssl%3Aresources.mandmdirect.com%2FImages%2F_default%2Fb%2Fb%2F1%2Fbb106_1_large.jpg&feedId=2606&k=02bef9a9c3a19f20c89aedaea83006bd72a22dd5,http://www.mandmdirect.ie/01/details/BB106,Girls' Clothes
Babeskin Junior Hooded Sweatshirt Mint Green Marl,Girls|Hoodies And Sweatshirts|OTH Hoody,15.95,https://images2.productserve.com/?w=200&h=200&bg=white&trim=5&t=letterbox&url=ssl%3Aresources.mandmdirect.com%2FImages%2F_default%2Fb%2Fb%2F1%2Fbb111_1_large.jpg&feedId=2606&k=785abfaccdacf16cee6711cb40a9653f7d1a5fd3,http://www.mandmdirect.ie/01/details/BB111,Girls' Clothes
Board Angels Girls Hoody With Camper Van Print Navy,Girls|Hoodies And Sweatshirts|OTH Hoody,11.95,https://images2.productserve.com/?w=200&h=200&bg=white&trim=5&t=letterbox&url=ssl%3Aresources.mandmdirect.com%2FImages%2F_default%2Ff%2Fq%2F2%2Ffq2063_1_large.jpg&feedId=2606&k=ab5021dec807db1a9a389df4a84db6c049c3b450,http://www.mandmdirect.ie/01/details/FQ2063,Girls' Clothes
Board Angels Girls Hoody With Camper Van Print Grey Marl,Girls|Hoodies And Sweatshirts|OTH Hoody,11.95,https://images2.productserve.com/?w=200&h=200&bg=white&trim=5&t=letterbox&url=ssl%3Aresources.mandmdirect.com%2FImages%2F_default%2Ff%2Fq%2F2%2Ffq2064_1_large.jpg&feedId=2606&k=d74e657060808d4ee37bf25525f5114aaccba1b6,http://www.mandmdirect.ie/01/details/FQ2064,Girls' Clothes
Board Angels Girls Hoody With Floral 85 Print Navy,Girls|Hoodies And Sweatshirts|OTH Hoody,11.95,https://images2.productserve.com/?w=200&h=200&bg=white&trim=5&t=letterbox&url=ssl%3Aresources.mandmdirect.com%2FImages%2F_default%2Ff%2Fq%2F2%2Ffq2065_1_large.jpg&feedId=2606&k=2d029446c4aa8041d9a008c4f215061e01e54ec7,http://www.mandmdirect.ie/01/details/FQ2065,Girls' Clothes
Board Angels Girls Hoody With Floral 85 Print Pink,Girls|Hoodies And Sweatshirts|OTH Hoody,11.95,https://images2.productserve.com/?w=200&h=200&bg=white&trim=5&t=letterbox&url=ssl%3Aresources.mandmdirect.com%2FImages%2F_default%2Ff%2Fq%2F2%2Ffq2066_1_large.jpg&feedId=2606&k=0a53f543ab5e6412c348a8a1d019791772876a0c,http://www.mandmdirect.ie/01/details/FQ2066,Girls' Clothes
Converse Girls Sunset Hoody Neo Pink Snow Heather,Girls|Hoodies And Sweatshirts|OTH Hoody,23.95,https://images2.productserve.com/?w=200&h=200&bg=white&trim=5&t=letterbox&url=ssl%3Aresources.mandmdirect.com%2FImages%2F_default%2Fv%2Fr%2F1%2Fvr1006_1_large.jpg&feedId=2606&k=5eb3f377d5577145acffdab08979e202ffd9fc2c,http://www.mandmdirect.ie/01/details/VR1006,Girls' Clothes
Converse Junior Girls Sunset Hoody Neo Pink Snow Heather,Girls|Hoodies And Sweatshirts|OTH Hoody,27.95,https://images2.productserve.com/?w=200&h=200&bg=white&trim=5&t=letterbox&url=ssl%3Aresources.mandmdirect.com%2FImages%2F_default%2Fv%2Fr%2F1%2Fvr1007_1_large.jpg&feedId=2606&k=4b4d0f37c0709375edab83a3e0393cd0c1d7dde7,http://www.mandmdirect.ie/01/details/VR1007,Girls' Clothes
Converse Girls Sunset Hoody Charcoal Snow Heather,Girls|Hoodies And Sweatshirts|OTH Hoody,27.95,https://images2.productserve.com/?w=200&h=200&bg=white&trim=5&t=letterbox&url=ssl%3Aresources.mandmdirect.com%2FImages%2F_default%2Fv%2Fr%2F1%2Fvr1008_1_large.jpg&feedId=2606&k=8f4d7d7cfb76818a3571afac5632d2d08bbbee0e,http://www.mandmdirect.ie/01/details/VR1008,Girls' Clothes
Converse Junior Girls Sunset Hoody Charcoal Snow Heather,Girls|Hoodies And Sweatshirts|OTH Hoody,27.95,https://images2.productserve.com/?w=200&h=200&bg=white&trim=5&t=letterbox&url=ssl%3Aresources.mandmdirect.com%2FImages%2F_default%2Fv%2Fr%2F1%2Fvr1009_1_large.jpg&feedId=2606&k=87c86af2aed3d9479f4cf2df743a192dc54aa787,http://www.mandmdirect.ie/01/details/VR1009,Girls' Clothes
Converse Girls Ombre Cropped Sweatshirt Pink Glow,Girls|Hoodies And Sweatshirts|OTH Hoody,23.95,https://images2.productserve.com/?w=200&h=200&bg=white&trim=5&t=letterbox&url=ssl%3Aresources.mandmdirect.com%2FImages%2F_default%2Fv%2Fr%2F1%2Fvr1024_1_large.jpg&feedId=2606&k=eeb7b5380cff7793625da2156a7e38c455124f12,http://www.mandmdirect.ie/01/details/VR1024,Girls' Clothes
Ralph Lauren Infant Girls Balmont Canvas Pumps Pink/Navy,Girls|Trainers|Canvas and Plimsolls,20.95,https://images2.productserve.com/?w=200&h=200&bg=white&trim=5&t=letterbox&url=ssl%3Aresources.mandmdirect.com%2FImages%2F_default%2Fr%2Fl%2F4%2Frl450_1_large.jpg&feedId=2606&k=e3072b4d6d4b0c975933a74bcf660d3adaf1efd3,http://www.mandmdirect.ie/01/details/RL450,Children's Footwear
Ralph Lauren Girls Canvas Trainers White/Pink,Girls|Trainers|Canvas and Plimsolls,29.95,https://images2.productserve.com/?w=200&h=200&bg=white&trim=5&t=letterbox&url=ssl%3Aresources.mandmdirect.com%2FImages%2F_default%2Fr%2Fl%2F4%2Frl454_1_large.jpg&feedId=2606&k=c5030a0327e2a4dc4bd84ca8652fb48c591affd7,http://www.mandmdirect.ie/01/details/RL454,Children's Footwear
Ralph Lauren Junior Girls Canvas Trainers White/Pink,Girls|Trainers|Canvas and Plimsolls,35.95,https://images2.productserve.com/?w=200&h=200&bg=white&trim=5&t=letterbox&url=ssl%3Aresources.mandmdirect.com%2FImages%2F_default%2Fr%2Fl%2F4%2Frl457_1_large.jpg&feedId=2606&k=53cc9bbc287a84d7176772ef42be0c43754a2424,http://www.mandmdirect.ie/01/details/RL457,Children's Footwear
SKECHERS Girls Twinkle Toes Chit Chat Pumps White/Multi,Girls|Trainers|Canvas and Plimsolls,29.95,https://images2.productserve.com/?w=200&h=200&bg=white&trim=5&t=letterbox&url=ssl%3Aresources.mandmdirect.com%2FImages%2F_default%2Fs%2Fk%2F7%2Fsk706_1_large.jpg&feedId=2606&k=21388eb291184126e78471c0d466eac0a65fb012,http://www.mandmdirect.ie/01/details/SK706,Children's Footwear
SKECHERS Infant Girls Twinkle Toes Pumps Multi,Girls|Trainers|Canvas and Plimsolls,15.95,https://images2.productserve.com/?w=200&h=200&bg=white&trim=5&t=letterbox&url=ssl%3Aresources.mandmdirect.com%2FImages%2F_default%2Fs%2Fk%2F7%2Fsk708_1_large.jpg&feedId=2606&k=e0fe262a71beaf1afc7bae301768e4f6215ba7b6,http://www.mandmdirect.ie/01/details/SK708,Children's Footwear
SKECHERS Infant Girls Twinkle Toes Pumps Pink,Girls|Trainers|Canvas and Plimsolls,15.95,https://images2.productserve.com/?w=200&h=200&bg=white&trim=5&t=letterbox&url=ssl%3Aresources.mandmdirect.com%2FImages%2F_default%2Fs%2Fk%2F7%2Fsk709_1_large.jpg&feedId=2606&k=e1140ffe750b051f850367b08a01c973a29ca514,http://www.mandmdirect.ie/01/details/SK709,Children's Footwear
Superga Junior 2750-FANTASY COVJ Pumps Flowers Rubbit,Girls|Trainers|Canvas and Plimsolls,23.95,https://images2.productserve.com/?w=200&h=200&bg=white&trim=5&t=letterbox&url=ssl%3Aresources.mandmdirect.com%2FImages%2F_default%2Fu%2Fq%2F1%2Fuq17_1_large.jpg&feedId=2606&k=956eccd865e86d25f082a3efc627e23aecdacccb,http://www.mandmdirect.ie/01/details/UQ17,Children's Footwear
Superga Junior 2750-SUEBINJ Pumps Pink Candy,Girls|Trainers|Canvas and Plimsolls,23.95,https://images2.productserve.com/?w=200&h=200&bg=white&trim=5&t=letterbox&url=ssl%3Aresources.mandmdirect.com%2FImages%2F_default%2Fu%2Fq%2F2%2Fuq20_1_large.jpg&feedId=2606&k=788f54fe51a1c8cbc54583d5d664268d94a767f3,http://www.mandmdirect.ie/01/details/UQ20,Children's Footwear
Superga Junior 2750-COTFLOWERSJ Pumps Flowers Pink/Red,Girls|Trainers|Canvas and Plimsolls,29.95,https://images2.productserve.com/?w=200&h=200&bg=white&trim=5&t=letterbox&url=ssl%3Aresources.mandmdirect.com%2FImages%2F_default%2Fu%2Fq%2F2%2Fuq24_1_large.jpg&feedId=2606&k=80c62192d670c768c66e6f0632fd7facaaa6d2e3,http://www.mandmdirect.ie/01/details/UQ24,Children's Footwear
Superga Junior 2750-COTFLOWERSJ Pumps Flowers Azul/Blue,Girls|Trainers|Canvas and Plimsolls,29.95,https://images2.productserve.com/?w=200&h=200&bg=white&trim=5&t=letterbox&url=ssl%3Aresources.mandmdirect.com%2FImages%2F_default%2Fu%2Fq%2F2%2Fuq25_1_large.jpg&feedId=2606&k=a975c9d60f61185c1765349e134165e72c99b683,http://www.mandmdirect.ie/01/details/UQ25,Children's Footwear
Superga Junior 2750-DOTSSATINJ Pumps Fresh Salmon Dot White,Girls|Trainers|Canvas and Plimsolls,29.95,https://images2.productserve.com/?w=200&h=200&bg=white&trim=5&t=letterbox&url=ssl%3Aresources.mandmdirect.com%2FImages%2F_default%2Fu%2Fq%2F2%2Fuq26_1_large.jpg&feedId=2606&k=c227183ceb44e910e57e47dea9e0a79151e245ec,http://www.mandmdirect.ie/01/details/UQ26,Children's Footwear
Fluid Girls Sparkle Leggings Black/Gold,Girls|Trousers|Leggings,17.95,https://images2.productserve.com/?w=200&h=200&bg=white&trim=5&t=letterbox&url=ssl%3Aresources.mandmdirect.com%2FImages%2F_default%2Ff%2Fd%2F1%2Ffd1066_1_large.jpg&feedId=2606&k=6e96f205a084855c02dde1072a21e99bb33f2e30,http://www.mandmdirect.ie/01/details/FD1066,Girls' Clothes
Board Angels Girls Mini Loopback Stretch Leggings Navy,Girls|Trousers|Leggings,8.95,https://images2.productserve.com/?w=200&h=200&bg=white&trim=5&t=letterbox&url=ssl%3Aresources.mandmdirect.com%2FImages%2F_default%2Ff%2Fq%2F1%2Ffq1970_1_large.jpg&feedId=2606&k=8f3984492a62d3364d606cb68b93dc12051a8d86,http://www.mandmdirect.ie/01/details/FQ1970,Girls' Clothes
Board Angels Girls AOP Leggings Navy/Multi,Girls|Trousers|Leggings,8.95,https://images2.productserve.com/?w=200&h=200&bg=white&trim=5&t=letterbox&url=ssl%3Aresources.mandmdirect.com%2FImages%2F_default%2Ff%2Fq%2F2%2Ffq2104_1_large.jpg&feedId=2606&k=3012b9cad243a36d7c9b09c4b1e708304c3da2e2,http://www.mandmdirect.ie/01/details/FQ2104,Girls' Clothes
Converse Junior Girls Printed Capri Leggings Gradient,Girls|Trousers|Leggings,15.95,https://images2.productserve.com/?w=200&h=200&bg=white&trim=5&t=letterbox&url=ssl%3Aresources.mandmdirect.com%2FImages%2F_default%2Fv%2Fr%2F1%2Fvr1005_1_large.jpg&feedId=2606&k=fb2ef7a28918d1d35cb9355e768e530a786d7cfb,http://www.mandmdirect.ie/01/details/VR1005,Girls' Clothes
Converse Junior Girls All Star Capri Leggings Charcoal Snow Heather,Girls|Trousers|Leggings,15.95,https://images2.productserve.com/?w=200&h=200&bg=white&trim=5&t=letterbox&url=ssl%3Aresources.mandmdirect.com%2FImages%2F_default%2Fv%2Fr%2F1%2Fvr1013_1_large.jpg&feedId=2606&k=33752d5d650e349ae2107ced8e41f0a609ac5ca0,http://www.mandmdirect.ie/01/details/VR1013,Girls' Clothes
Ribbon Girls Printed Trousers Navy/White,Girls|Trousers|Trousers,8.95,https://images2.productserve.com/?w=200&h=200&bg=white&trim=5&t=letterbox&url=ssl%3Aresources.mandmdirect.com%2FImages%2F_default%2Fi%2Fb%2F7%2Fib72_1_large.jpg&feedId=2606&k=ad3a702bef8b12c9b2362f5a5c3ab2baa6832945,http://www.mandmdirect.ie/01/details/IB72,Girls' Clothes
Board Angels Girls Raglan Long Sleeve Top With Floral 85 Print Pink/Blue,Girls|T-Shirts And Vests|Long Sleeve T-Shirts,17.95,https://images2.productserve.com/?w=200&h=200&bg=white&trim=5&t=letterbox&url=ssl%3Aresources.mandmdirect.com%2FImages%2F_default%2Ff%2Fq%2F2%2Ffq2069_1_large.jpg&feedId=2606&k=c52b9f6345ff455928466e1f8e8c8ad3a3370d01,http://www.mandmdirect.ie/01/details/FQ2069,Girls' Clothes
Board Angels Girls Raglan Long Sleeve Top With Floral 85 Print White/Navy,Girls|T-Shirts And Vests|Long Sleeve T-Shirts,17.95,https://images2.productserve.com/?w=200&h=200&bg=white&trim=5&t=letterbox&url=ssl%3Aresources.mandmdirect.com%2FImages%2F_default%2Ff%2Fq%2F2%2Ffq2070_1_large.jpg&feedId=2606&k=be878991b8c1705902ee8ca69438c9d252478aba,http://www.mandmdirect.ie/01/details/FQ2070,Girls' Clothes
Bench Girls Graphic Top White,Girls|T-Shirts And Vests|T-Shirts,8.95,https://images2.productserve.com/?w=200&h=200&bg=white&trim=5&t=letterbox&url=ssl%3Aresources.mandmdirect.com%2FImages%2F_default%2Fe%2Fn%2F4%2Fen4817_1_large.jpg&feedId=2606&k=b77b99bcecf4ae63aab21906cd9456626e73d488,http://www.mandmdirect.ie/01/details/EN4817,Girls' Clothes
Board Angels Girls T-Shirt With Camper Van Print Pink,Girls|T-Shirts And Vests|T-Shirts,11.95,https://images2.productserve.com/?w=200&h=200&bg=white&trim=5&t=letterbox&url=ssl%3Aresources.mandmdirect.com%2FImages%2F_default%2Ff%2Fq%2F2%2Ffq2071_1_large.jpg&feedId=2606&k=6e758c02899c2d123275adaa6477595e8ce5858b,http://www.mandmdirect.ie/01/details/FQ2071,Girls' Clothes
Reebok Cordura Grip Duffle Bag Black,Mens;;Womens|Bags|Holdalls,47.95,https://images2.productserve.com/?w=200&h=200&bg=white&trim=5&t=letterbox&url=ssl%3Aresources.mandmdirect.com%2FImages%2F_default%2Fr%2Fe%2F8%2Fre8207_1_large.jpg&feedId=2606&k=d774f936059347225249742399afd5c3b5fecc2d,http://www.mandmdirect.ie/01/details/RE8207,Bags
Reebok Combat Grip 57L Duffle Bag Black,Mens;;Womens|Bags|Holdalls,23.95,https://images2.productserve.com/?w=200&h=200&bg=white&trim=5&t=letterbox&url=ssl%3Aresources.mandmdirect.com%2FImages%2F_default%2Fr%2Fe%2F8%2Fre8220_1_large.jpg&feedId=2606&k=a742a9554ba9573ed127010ebfaa67e48eda24e6,http://www.mandmdirect.ie/01/details/RE8220,Bags
Reebok Motion Gymsack Black,Mens;;Womens|Bags|Holdalls,5.95,https://images2.productserve.com/?w=200&h=200&bg=white&trim=5&t=letterbox&url=ssl%3Aresources.mandmdirect.com%2FImages%2F_default%2Fr%2Fe%2F8%2Fre8237_1_large.jpg&feedId=2606&k=739bd09e83282e08e8cd11eaa1afc948ec38afad,http://www.mandmdirect.ie/01/details/RE8237,Bags
Eastpak Station Luggage Apple Pick Red,Mens;;Womens|Bags|Luggage,35.95,https://images2.productserve.com/?w=200&h=200&bg=white&trim=5&t=letterbox&url=ssl%3Aresources.mandmdirect.com%2FImages%2F_default%2Fe%2Fq%2F8%2Feq83_1_large.jpg&feedId=2606&k=c8575440dd03889175c286755f0bb57b083e15db,http://www.mandmdirect.ie/01/details/EQ83,Bags
Eastpak Tranzshell M Luggage Space Navy,Mens;;Womens|Bags|Luggage,95.95,https://images2.productserve.com/?w=200&h=200&bg=white&trim=5&t=letterbox&url=ssl%3Aresources.mandmdirect.com%2FImages%2F_default%2Fe%2Fq%2F8%2Feq85_1_large.jpg&feedId=2606&k=1ff36f629a23f88c9dea56df54e1f55b8f302450,http://www.mandmdirect.ie/01/details/EQ85,Bags
Eastpak Tranzshell M Luggage Dot Grey,Mens;;Womens|Bags|Luggage,95.95,https://images2.productserve.com/?w=200&h=200&bg=white&trim=5&t=letterbox&url=ssl%3Aresources.mandmdirect.com%2FImages%2F_default%2Fe%2Fq%2F8%2Feq86_1_large.jpg&feedId=2606&k=f07167180a8fcd9c164489e0e874a5c9750dc4aa,http://www.mandmdirect.ie/01/details/EQ86,Bags
Eastpak Tranzshell L Luggage Dot Grey,Mens;;Womens|Bags|Luggage,107.95,https://images2.productserve.com/?w=200&h=200&bg=white&trim=5&t=letterbox&url=ssl%3Aresources.mandmdirect.com%2FImages%2F_default%2Fe%2Fq%2F8%2Feq87_1_large.jpg&feedId=2606&k=3a842dad8f84864af5568a6017dc2e88f28d9f4c,http://www.mandmdirect.ie/01/details/EQ87,Bags
Eastpak Tranzshell L Luggage Dot Blue,Mens;;Womens|Bags|Luggage,95.95,https://images2.productserve.com/?w=200&h=200&bg=white&trim=5&t=letterbox&url=ssl%3Aresources.mandmdirect.com%2FImages%2F_default%2Fe%2Fq%2F8%2Feq88_1_large.jpg&feedId=2606&k=453e900a3e91db3d52239806c3fe45c042d5e0af,http://www.mandmdirect.ie/01/details/EQ88,Bags
Eastpak Tranzshell M Luggage Dot Blue,Mens;;Womens|Bags|Luggage,83.95,https://images2.productserve.com/?w=200&h=200&bg=white&trim=5&t=letterbox&url=ssl%3Aresources.mandmdirect.com%2FImages%2F_default%2Fe%2Fq%2F9%2Feq90_1_large.jpg&feedId=2606&k=d87fdc079c8027795673261ab91d6776f997ee10,http://www.mandmdirect.ie/01/details/EQ90,Bags
Eastpak Tranverz H Luggage Sunday Grey,Mens;;Womens|Bags|Luggage,71.95,https://images2.productserve.com/?w=200&h=200&bg=white&trim=5&t=letterbox&url=ssl%3Aresources.mandmdirect.com%2FImages%2F_default%2Fe%2Fq%2F9%2Feq91_1_large.jpg&feedId=2606&k=fb2c5b59a2782319815f64ac876ff3721bc34fcd,http://www.mandmdirect.ie/01/details/EQ91,Bags
Eastpak Tranzshell L Luggage Space Navy,Mens;;Womens|Bags|Luggage,107.95,https://images2.productserve.com/?w=200&h=200&bg=white&trim=5&t=letterbox&url=ssl%3Aresources.mandmdirect.com%2FImages%2F_default%2Fe%2Fq%2F9%2Feq92_1_large.jpg&feedId=2606&k=2ddb689a2391e1317c3407eba6bfd6ab3c4f981f,http://www.mandmdirect.ie/01/details/EQ92,Bags
Eastpak Tranzshell S Luggage Dot Grey,Mens;;Womens|Bags|Luggage,77.95,https://images2.productserve.com/?w=200&h=200&bg=white&trim=5&t=letterbox&url=ssl%3Aresources.mandmdirect.com%2FImages%2F_default%2Fe%2Fq%2F9%2Feq93_1_large.jpg&feedId=2606&k=b15316e476529be5480915ceea7dec41f76cd3eb,http://www.mandmdirect.ie/01/details/EQ93,Bags
Eastpak Tranzshell M Luggage Quite Grey,Mens;;Womens|Bags|Luggage,83.95,https://images2.productserve.com/?w=200&h=200&bg=white&trim=5&t=letterbox&url=ssl%3Aresources.mandmdirect.com%2FImages%2F_default%2Fe%2Fq%2F9%2Feq94_1_large.jpg&feedId=2606&k=5e923a44d33c3235ed7cbd33b5fcbc6c4abca063,http://www.mandmdirect.ie/01/details/EQ94,Bags
Eastpak Tranzshell L Luggage Quite Grey,Mens;;Womens|Bags|Luggage,107.95,https://images2.productserve.com/?w=200&h=200&bg=white&trim=5&t=letterbox&url=ssl%3Aresources.mandmdirect.com%2FImages%2F_default%2Fe%2Fq%2F9%2Feq96_1_large.jpg&feedId=2606&k=bbf50bda7fe5ff8fcaaf6fdd7965dd0cabbad9df,http://www.mandmdirect.ie/01/details/EQ96,Bags
Eastpak Tranzshell S Luggage Dot Blue,Mens;;Womens|Bags|Luggage,83.95,https://images2.productserve.com/?w=200&h=200&bg=white&trim=5&t=letterbox&url=ssl%3Aresources.mandmdirect.com%2FImages%2F_default%2Fe%2Fq%2F9%2Feq97_1_large.jpg&feedId=2606&k=67cb63cafb87c41412326a3fee498bb5759b9273,http://www.mandmdirect.ie/01/details/EQ97,Bags
Eastpak Youngster Bag Double Denim,Mens;;Womens|Bags|Messenger Bags,23.95,https://images2.productserve.com/?w=200&h=200&bg=white&trim=5&t=letterbox&url=ssl%3Aresources.mandmdirect.com%2FImages%2F_default%2Fe%2Fq%2F7%2Feq78_1_large.jpg&feedId=2606&k=38c4b9bad859a6cad1211684884256190468427d,http://www.mandmdirect.ie/01/details/EQ78,Bags
Eastpak Rusher Bag Powder Pink,Mens;;Womens|Bags|Messenger Bags,15.95,https://images2.productserve.com/?w=200&h=200&bg=white&trim=5&t=letterbox&url=ssl%3Aresources.mandmdirect.com%2FImages%2F_default%2Fe%2Fq%2F7%2Feq79_1_large.jpg&feedId=2606&k=501ca1405137fc5f7f58ccc0d813ecc346d0d761,http://www.mandmdirect.ie/01/details/EQ79,Bags
Eastpak Rusher Bag Melange Green,Mens;;Womens|Bags|Messenger Bags,15.95,https://images2.productserve.com/?w=200&h=200&bg=white&trim=5&t=letterbox&url=ssl%3Aresources.mandmdirect.com%2FImages%2F_default%2Fe%2Fq%2F8%2Feq80_1_large.jpg&feedId=2606&k=e1405d03814a22fcdf533857869c09aa9a374743,http://www.mandmdirect.ie/01/details/EQ80,Bags
Eastpak Rusher Bag Pop Up Aqua,Mens;;Womens|Bags|Messenger Bags,15.95,https://images2.productserve.com/?w=200&h=200&bg=white&trim=5&t=letterbox&url=ssl%3Aresources.mandmdirect.com%2FImages%2F_default%2Fe%2Fq%2F8%2Feq81_1_large.jpg&feedId=2606&k=0bb6b052263c46b8e9d955c44d689df3e8c6694c,http://www.mandmdirect.ie/01/details/EQ81,Bags
Eastpak Youngster Bag Crafty Brown,Mens;;Womens|Bags|Messenger Bags,23.95,https://images2.productserve.com/?w=200&h=200&bg=white&trim=5&t=letterbox&url=ssl%3Aresources.mandmdirect.com%2FImages%2F_default%2Fe%2Fq%2F8%2Feq82_1_large.jpg&feedId=2606&k=57f8d18c6b5ebe7fdb8d9344238da5729d3b5309,http://www.mandmdirect.ie/01/details/EQ82,Bags
Brave Soul Mens Clarence Hoody Khaki,Mens|Hoodies And Sweatshirts|Hoodies,15.95,https://images2.productserve.com/?w=200&h=200&bg=white&trim=5&t=letterbox&url=ssl%3Aresources.mandmdirect.com%2FImages%2F_default%2Fb%2Fv%2F1%2Fbv1127_1_large.jpg&feedId=2606&k=da6c7a6f0bb743a678a5ffc9895b1a155c46baf4,http://www.mandmdirect.ie/01/details/BV1127,Men's Tops
Brave Soul Mens Clarence Hoody Mushroom,Mens|Hoodies And Sweatshirts|Hoodies,15.95,https://images2.productserve.com/?w=200&h=200&bg=white&trim=5&t=letterbox&url=ssl%3Aresources.mandmdirect.com%2FImages%2F_default%2Fb%2Fv%2F1%2Fbv1128_1_large.jpg&feedId=2606&k=8d3d90c2998d828355deca2b31cb23697a010507,http://www.mandmdirect.ie/01/details/BV1128,Men's Tops
Brave Soul Mens Clarence Hoody Dark Navy,Mens|Hoodies And Sweatshirts|Hoodies,15.95,https://images2.productserve.com/?w=200&h=200&bg=white&trim=5&t=letterbox&url=ssl%3Aresources.mandmdirect.com%2FImages%2F_default%2Fb%2Fv%2F1%2Fbv1129_1_large.jpg&feedId=2606&k=adb15b1285457d45c15d65a03da571a2b3eb5d7e,http://www.mandmdirect.ie/01/details/BV1129,Men's Tops
Converse Mens Core Drip Procession Full Zip Hoody Castlebrook Heather,Mens|Hoodies And Sweatshirts|Hoodies,41.95,https://images2.productserve.com/?w=200&h=200&bg=white&trim=5&t=letterbox&url=ssl%3Aresources.mandmdirect.com%2FImages%2F_default%2Fc%2Fo%2F2%2Fco2170_1_large.jpg&feedId=2606&k=d6fc0449931766fde9cc2d0c8dad5b1e188a3e56,http://www.mandmdirect.ie/01/details/CO2170,Men's Tops
Converse Mens Core Removable Hood Full Zip Hoody Vintage Grey Heather,Mens|Hoodies And Sweatshirts|Hoodies,41.95,https://images2.productserve.com/?w=200&h=200&bg=white&trim=5&t=letterbox&url=ssl%3Aresources.mandmdirect.com%2FImages%2F_default%2Fc%2Fo%2F2%2Fco2171_1_large.jpg&feedId=2606&k=23bbf02daec784f1d4f32edf7edff36d696f97df,http://www.mandmdirect.ie/01/details/CO2171,Men's Tops
Converse Mens Core Removable Hood Full Zip Hoody Jet Black,Mens|Hoodies And Sweatshirts|Hoodies,41.95,https://images2.productserve.com/?w=200&h=200&bg=white&trim=5&t=letterbox&url=ssl%3Aresources.mandmdirect.com%2FImages%2F_default%2Fc%2Fo%2F2%2Fco2173_1_large.jpg&feedId=2606&k=3cd545f10fc7a8e1aeff40f2a4f668bbc75b2450,http://www.mandmdirect.ie/01/details/CO2173,Men's Tops
Converse Mens Procession Full Zip Hoody Phantom Heather,Mens|Hoodies And Sweatshirts|Hoodies,41.95,https://images2.productserve.com/?w=200&h=200&bg=white&trim=5&t=letterbox&url=ssl%3Aresources.mandmdirect.com%2FImages%2F_default%2Fc%2Fo%2F2%2Fco2177_1_large.jpg&feedId=2606&k=4403e1ce19b1a387a9eccf784f6c79e7af55e3e8,http://www.mandmdirect.ie/01/details/CO2177,Men's Tops
Converse Mens Procession Full Zip Hoody Castlerock Heather,Mens|Hoodies And Sweatshirts|Hoodies,41.95,https://images2.productserve.com/?w=200&h=200&bg=white&trim=5&t=letterbox&url=ssl%3Aresources.mandmdirect.com%2FImages%2F_default%2Fc%2Fo%2F2%2Fco2180_1_large.jpg&feedId=2606&k=b98303b3efca2618defa1ec3a7b05e739e99af17,http://www.mandmdirect.ie/01/details/CO2180,Men's Tops
Converse Mens Core Chuck Patch Full Zip Hoody Burgundy,Mens|Hoodies And Sweatshirts|Hoodies,41.95,https://images2.productserve.com/?w=200&h=200&bg=white&trim=5&t=letterbox&url=ssl%3Aresources.mandmdirect.com%2FImages%2F_default%2Fc%2Fo%2F2%2Fco2182_1_large.jpg&feedId=2606&k=10a8cf573bff8f751b7c629976d3d231dbc2760a,http://www.mandmdirect.ie/01/details/CO2182,Men's Tops
Converse Mens Drip Procession Full Zip Hoody Vintage Grey Heather,Mens|Hoodies And Sweatshirts|Hoodies,41.95,https://images2.productserve.com/?w=200&h=200&bg=white&trim=5&t=letterbox&url=ssl%3Aresources.mandmdirect.com%2FImages%2F_default%2Fc%2Fo%2F2%2Fco2183_1_large.jpg&feedId=2606&k=3687fe8d472f7a3d1569bfa24836b0757ecdf6da,http://www.mandmdirect.ie/01/details/CO2183,Men's Tops
Converse Mens Core Chuck Patch Full Zip Hoody Vintage Grey Heather,Mens|Hoodies And Sweatshirts|Hoodies,41.95,https://images2.productserve.com/?w=200&h=200&bg=white&trim=5&t=letterbox&url=ssl%3Aresources.mandmdirect.com%2FImages%2F_default%2Fc%2Fo%2F2%2Fco2186_1_large.jpg&feedId=2606&k=b53c9a2b92b486212b928cd406fd59932be05882,http://www.mandmdirect.ie/01/details/CO2186,Men's Tops
adidas Mens Reg Team 2.0 Woven Track Pants Solid Grey/Blue,Mens|Sports Performance Bottoms|Sports Performance Bottoms,8.95,https://images2.productserve.com/?w=200&h=200&bg=white&trim=5&t=letterbox&url=ssl%3Aresources.mandmdirect.com%2FImages%2F_default%2Fa%2Fd%2F1%2Fad11879_1_large.jpg&feedId=2606&k=4b8fdad7355582d2a94ce8aca5cf4d01c21a6e85,http://www.mandmdirect.ie/01/details/AD11879,Men's Sportswear
adidas Mens 3 Stripe Waterproof Zip-Off Training Pants Navy/White/Red,Mens|Sports Performance Bottoms|Sports Performance Bottoms,23.95,https://images2.productserve.com/?w=200&h=200&bg=white&trim=5&t=letterbox&url=ssl%3Aresources.mandmdirect.com%2FImages%2F_default%2Fa%2Fd%2F1%2Fad12388_1_large.jpg&feedId=2606&k=c125cac71dd58cbf855750fd2b70d5004b9b8b19,http://www.mandmdirect.ie/01/details/AD12388,Men's Sportswear
adidas Mens Condivo 14 3 Stripe ClimaCool Poly Training Pants Black/White,Mens|Sports Performance Bottoms|Sports Performance Bottoms,10.95,https://images2.productserve.com/?w=200&h=200&bg=white&trim=5&t=letterbox&url=ssl%3Aresources.mandmdirect.com%2FImages%2F_default%2Fa%2Fd%2F1%2Fad12669_1_large.jpg&feedId=2606&k=3faca0ae9648500e5c94d029e6f6db1679ad510f,http://www.mandmdirect.ie/01/details/AD12669,Men's Sportswear
adidas Mens Adizero SprintWeb ClimaLite Long Running Tight Leggings Black,Mens|Sports Performance Bottoms|Sports Performance Bottoms,23.95,https://images2.productserve.com/?w=200&h=200&bg=white&trim=5&t=letterbox&url=ssl%3Aresources.mandmdirect.com%2FImages%2F_default%2Fa%2Fd%2F1%2Fad12763_1_large.jpg&feedId=2606&k=440ac4a8746e152810f92ac1f592849819a31a52,http://www.mandmdirect.ie/01/details/AD12763,Men's Sportswear
adidas Mens Sequencials Climaheat Formotion Running Tight Leggings Black,Mens|Sports Performance Bottoms|Sports Performance Bottoms,20.95,https://images2.productserve.com/?w=200&h=200&bg=white&trim=5&t=letterbox&url=ssl%3Aresources.mandmdirect.com%2FImages%2F_default%2Fa%2Fd%2F1%2Fad12766_1_large.jpg&feedId=2606&k=b5554840833aa25e561cb851b0ff30d500224e2f,http://www.mandmdirect.ie/01/details/AD12766,Men's Sportswear
adidas Mens Adizero 3 Stripe ClimaLite Running Track Pants Black,Mens|Sports Performance Bottoms|Sports Performance Bottoms,19.95,https://images2.productserve.com/?w=200&h=200&bg=white&trim=5&t=letterbox&url=ssl%3Aresources.mandmdirect.com%2FImages%2F_default%2Fa%2Fd%2F1%2Fad12778_1_large.jpg&feedId=2606&k=75bb915504e181ddff4f73c8cc98e500c27a9ee9,http://www.mandmdirect.ie/01/details/AD12778,Men's Sportswear
adidas Mens 3 Stripe Team ClimaLite Poly Track Pants University Red/White,Mens|Sports Performance Bottoms|Sports Performance Bottoms,21.95,https://images2.productserve.com/?w=200&h=200&bg=white&trim=5&t=letterbox&url=ssl%3Aresources.mandmdirect.com%2FImages%2F_default%2Fa%2Fd%2F1%2Fad13208_1_large.jpg&feedId=2606&k=1c6b20258cd959c4c63c4371168ccd6592e722d6,http://www.mandmdirect.ie/01/details/AD13208,Men's Sportswear
adidas Mens Supernova ClimaCool Running Tight Leggings Black,Mens|Sports Performance Bottoms|Sports Performance Bottoms,23.95,https://images2.productserve.com/?w=200&h=200&bg=white&trim=5&t=letterbox&url=ssl%3Aresources.mandmdirect.com%2FImages%2F_default%2Fa%2Fd%2F1%2Fad13266_1_large.jpg&feedId=2606&k=27f4ca3e0f3613521df7f43bad37fc03baf08397,http://www.mandmdirect.ie/01/details/AD13266,Men's Sportswear
adidas Mens Supernova Graphic ClimaCool Running Tight Leggings Black,Mens|Sports Performance Bottoms|Sports Performance Bottoms,20.95,https://images2.productserve.com/?w=200&h=200&bg=white&trim=5&t=letterbox&url=ssl%3Aresources.mandmdirect.com%2FImages%2F_default%2Fa%2Fd%2F1%2Fad13272_1_large.jpg&feedId=2606&k=89e6ecc36b3377d72c9de9feb2a81486c6ede295,http://www.mandmdirect.ie/01/details/AD13272,Men's Sportswear
adidas Mens Response 3 Stripe ClimaLite 3/4 Tight Leggings Black/Ray Blue,Mens|Sports Performance Bottoms|Sports Performance Bottoms,23.95,https://images2.productserve.com/?w=200&h=200&bg=white&trim=5&t=letterbox&url=ssl%3Aresources.mandmdirect.com%2FImages%2F_default%2Fa%2Fd%2F1%2Fad13740_1_large.jpg&feedId=2606&k=1425e6d4d1e0811d223f250b5c3ce51591f20426,http://www.mandmdirect.ie/01/details/AD13740,Men's Sportswear
Reebok Mens Fury Adapt Trainers White/White/Black,Mens|Trainers|Running Shoes,53.95,https://images2.productserve.com/?w=200&h=200&bg=white&trim=5&t=letterbox&url=ssl%3Aresources.mandmdirect.com%2FImages%2F_default%2Fr%2Fe%2F8%2Fre8363_1_large.jpg&feedId=2606&k=3532c12daed61eb9293177166b57767dd95de088,http://www.mandmdirect.ie/01/details/RE8363,Men's Footwear
Reebok Mens Centrefire RS Neutral Running Shoes Ash Grey/White/Black,Mens|Trainers|Running Shoes,35.95,https://images2.productserve.com/?w=200&h=200&bg=white&trim=5&t=letterbox&url=ssl%3Aresources.mandmdirect.com%2FImages%2F_default%2Fr%2Fe%2F8%2Fre8368_1_large.jpg&feedId=2606&k=3d5103bd179f4db5c8522d21519bd5fdd0d77dce,http://www.mandmdirect.ie/01/details/RE8368,Men's Footwear
Reebok Mens One Distance Neutral Running Shoes Shark/Black/White,Mens|Trainers|Running Shoes,47.95,https://images2.productserve.com/?w=200&h=200&bg=white&trim=5&t=letterbox&url=ssl%3Aresources.mandmdirect.com%2FImages%2F_default%2Fr%2Fe%2F8%2Fre8404_1_large.jpg&feedId=2606&k=418a1a5790c89ecaf9d75071112b12fcb40f5611,http://www.mandmdirect.ie/01/details/RE8404,Men's Footwear
Reebok Mens One Distance Neutral Running Shoes Atomic Red/Motor Red/Electric Peach,Mens|Trainers|Running Shoes,41.95,https://images2.productserve.com/?w=200&h=200&bg=white&trim=5&t=letterbox&url=ssl%3Aresources.mandmdirect.com%2FImages%2F_default%2Fr%2Fe%2F8%2Fre8405_1_large.jpg&feedId=2606&k=f31822b90b13011cb63339f0b45422f8d3d08727,http://www.mandmdirect.ie/01/details/RE8405,Men's Footwear
Reebok Mens Zpump Fusion 2.0 City Neutral Running Shoes Running White/Black/Tin Grey,Mens|Trainers|Running Shoes,47.95,https://images2.productserve.com/?w=200&h=200&bg=white&trim=5&t=letterbox&url=ssl%3Aresources.mandmdirect.com%2FImages%2F_default%2Fr%2Fe%2F8%2Fre8422_1_large.jpg&feedId=2606&k=350997a1dc5117f5761897f78f26f5d1bb425a4e,http://www.mandmdirect.ie/01/details/RE8422,Men's Footwear
Under Armour Mens Micro G Optimum Neutral Running Shoes Lead/Hi Viz Yellow/Metallic,Mens|Trainers|Running Shoes,41.95,https://images2.productserve.com/?w=200&h=200&bg=white&trim=5&t=letterbox&url=ssl%3Aresources.mandmdirect.com%2FImages%2F_default%2Fu%2Fj%2F9%2Fuj990_1_large.jpg&feedId=2606&k=0fc4b79b0daee41da01b3054332c43f8e3b6b18f,http://www.mandmdirect.ie/01/details/UJ990,Men's Footwear
Under Armour Mens Micro G Optimum Neutral Running Shoes Black/Hi Viz Yellow,Mens|Trainers|Running Shoes,41.95,https://images2.productserve.com/?w=200&h=200&bg=white&trim=5&t=letterbox&url=ssl%3Aresources.mandmdirect.com%2FImages%2F_default%2Fu%2Fj%2F9%2Fuj995_1_large.jpg&feedId=2606&k=42dfd24ca02665a1e07eef4c489fb9c094b7d467,http://www.mandmdirect.ie/01/details/UJ995,Men's Footwear
Puma Mens evoSPEED Disc Tricks V2 Sprint Spikes Black/Red,Mens|Trainers|Running Spikes,47.95,https://images2.productserve.com/?w=200&h=200&bg=white&trim=5&t=letterbox&url=ssl%3Aresources.mandmdirect.com%2FImages%2F_default%2Fp%2Fu%2F3%2Fpu3361_1_large.jpg&feedId=2606&k=a1eb39885a6359f74ad088af8e51e57c93b5c5d1,http://www.mandmdirect.ie/01/details/PU3361,Men's Footwear
Puma Mens evoSPEED Electric Tricks Sprint Spikes Red/Black/White,Mens|Trainers|Running Spikes,59.95,https://images2.productserve.com/?w=200&h=200&bg=white&trim=5&t=letterbox&url=ssl%3Aresources.mandmdirect.com%2FImages%2F_default%2Fp%2Fu%2F3%2Fpu3371_1_large.jpg&feedId=2606&k=704d40798880a69cdc69cccb7fc3b8ae079756f1,http://www.mandmdirect.ie/01/details/PU3371,Men's Footwear
adidas Mens Barricade Team 4 Tennis Shoes White/Core Black/Night Flash,Mens|Trainers|Sports Performance Footwear,41.95,https://images2.productserve.com/?w=200&h=200&bg=white&trim=5&t=letterbox&url=ssl%3Aresources.mandmdirect.com%2FImages%2F_default%2Fa%2Fd%2F1%2Fad11190_1_large.jpg&feedId=2606&k=d3860c35899d973a95aa14ed1b0844449a4ce530,http://www.mandmdirect.ie/01/details/AD11190,Men's Footwear
Fluid Womens Sunglasses Black,Womens|Accessories|Sunglasses,5.95,https://images2.productserve.com/?w=200&h=200&bg=white&trim=5&t=letterbox&url=ssl%3Aresources.mandmdirect.com%2FImages%2F_default%2Ff%2Fd%2F7%2Ffd753_1_large.jpg&feedId=2606&k=c52d1140bb49c2560392d96df471d674d6032f9c,http://www.mandmdirect.ie/01/details/FD753,Women's Accessories
UGG Womens Rae Basket Weave Pouch Black,Womens|Bags|Clutch Bags,28.95,https://images2.productserve.com/?w=200&h=200&bg=white&trim=5&t=letterbox&url=ssl%3Aresources.mandmdirect.com%2FImages%2F_default%2Fx%2Fg%2F2%2Fxg2460_1_large.jpg&feedId=2606&k=251f3600fcddd3cb825837e389749e4b7f262ba6,http://www.mandmdirect.ie/01/details/XG2460,Bags
UGG Womens Rae Basket Weave Pouch Soft Gold,Womens|Bags|Clutch Bags,35.95,https://images2.productserve.com/?w=200&h=200&bg=white&trim=5&t=letterbox&url=ssl%3Aresources.mandmdirect.com%2FImages%2F_default%2Fx%2Fg%2F2%2Fxg2461_1_large.jpg&feedId=2606&k=eb066cf99d0c5dec5c7281856621029aced5a931,http://www.mandmdirect.ie/01/details/XG2461,Bags
Superdry Womens The Gilmore Tote Bag Navy,Womens|Bags|Hand Bags,41.95,https://images2.productserve.com/?w=200&h=200&bg=white&trim=5&t=letterbox&url=ssl%3Aresources.mandmdirect.com%2FImages%2F_default%2Fz%2Fq%2F3%2Fzq3398_1_large.jpg&feedId=2606&k=a536918b3a50cdf6d8b5a90153d44ab7867b1d46,http://www.mandmdirect.ie/01/details/ZQ3398,Bags
Superdry Womens Neo Nomad Fringed Shoulder Bag Black,Womens|Bags|Hand Bags,35.95,https://images2.productserve.com/?w=200&h=200&bg=white&trim=5&t=letterbox&url=ssl%3Aresources.mandmdirect.com%2FImages%2F_default%2Fz%2Fq%2F3%2Fzq3402_1_large.jpg&feedId=2606&k=583f7eed5d53aad2dd9a4f8d745cc7e25975a7bd,http://www.mandmdirect.ie/01/details/ZQ3402,Bags
Reebok Womens Yoga Shopper Multi,Womens|Bags|Holdalls,15.95,https://images2.productserve.com/?w=200&h=200&bg=white&trim=5&t=letterbox&url=ssl%3Aresources.mandmdirect.com%2FImages%2F_default%2Fr%2Fe%2F8%2Fre8213_1_large.jpg&feedId=2606&k=c8ad22073dd5911139c44503a8d85bf29078a904,http://www.mandmdirect.ie/01/details/RE8213,Women's Accessories
Board Angels Womens Striped Canvas Beach Bag White/Navy,Womens|Bags|Messenger Bags,11.95,https://images2.productserve.com/?w=200&h=200&bg=white&trim=5&t=letterbox&url=ssl%3Aresources.mandmdirect.com%2FImages%2F_default%2Ff%2Fq%2F1%2Ffq1987_1_large.jpg&feedId=2606&k=1651d7301974d7da4849c140b5cdf5e6d085ca6a,http://www.mandmdirect.ie/01/details/FQ1987,Women's Accessories
UGG Womens Jenna Tote Bag Black,Womens|Bags|Shopper Bags,112.95,https://images2.productserve.com/?w=200&h=200&bg=white&trim=5&t=letterbox&url=ssl%3Aresources.mandmdirect.com%2FImages%2F_default%2Fx%2Fg%2F2%2Fxg2462_1_large.jpg&feedId=2606&k=652f6bd1eec6a5c245035b2503a9d57857f07500,http://www.mandmdirect.ie/01/details/XG2462,Bags
UGG Womens Lea Tote Bag Taupe,Womens|Bags|Shopper Bags,95.95,https://images2.productserve.com/?w=200&h=200&bg=white&trim=5&t=letterbox&url=ssl%3Aresources.mandmdirect.com%2FImages%2F_default%2Fx%2Fg%2F2%2Fxg2463_1_large.jpg&feedId=2606&k=83ad91536046d2c23e47df3f50087df6f23c032b,http://www.mandmdirect.ie/01/details/XG2463,Bags
Bench Womens Bench Slogan Hoody Grey,Womens|Hoodies And Sweatshirts|OTH Hoody,29.95,https://images2.productserve.com/?w=200&h=200&bg=white&trim=5&t=letterbox&url=ssl%3Aresources.mandmdirect.com%2FImages%2F_default%2Fe%2Fn%2F4%2Fen4782_1_large.jpg&feedId=2606&k=963f4d4b2cdf5e856998da2c29982d1e905ddb81,http://www.mandmdirect.ie/01/details/EN4782,Women's Clothing
Board Angels Womens Marl Terry Hoody Denim Blue Marl,Womens|Hoodies And Sweatshirts|OTH Hoody,35.95,https://images2.productserve.com/?w=200&h=200&bg=white&trim=5&t=letterbox&url=ssl%3Aresources.mandmdirect.com%2FImages%2F_default%2Ff%2Fq%2F2%2Ffq2057_1_large.jpg&feedId=2606&k=7b478d834dbbec1a0a6d9319b4f8fa6bb810dfa4,http://www.mandmdirect.ie/01/details/FQ2057,Women's Clothing
Board Angels Womens Marl Terry Hoody Rose Marl,Womens|Hoodies And Sweatshirts|OTH Hoody,35.95,https://images2.productserve.com/?w=200&h=200&bg=white&trim=5&t=letterbox&url=ssl%3Aresources.mandmdirect.com%2FImages%2F_default%2Ff%2Fq%2F2%2Ffq2058_1_large.jpg&feedId=2606&k=1d255666b5473926d660b42b695f794743612fad,http://www.mandmdirect.ie/01/details/FQ2058,Women's Clothing
Board Angels Womens Hoody With Chest Print Navy,Womens|Hoodies And Sweatshirts|OTH Hoody,35.95,https://images2.productserve.com/?w=200&h=200&bg=white&trim=5&t=letterbox&url=ssl%3Aresources.mandmdirect.com%2FImages%2F_default%2Ff%2Fq%2F2%2Ffq2089_1_large.jpg&feedId=2606&k=4c6501af5196fc2410f1bce6ac079384746644bb,http://www.mandmdirect.ie/01/details/FQ2089,Women's Clothing
Board Angels Womens Hoody With Chest Print Navy Marl,Womens|Hoodies And Sweatshirts|OTH Hoody,35.95,https://images2.productserve.com/?w=200&h=200&bg=white&trim=5&t=letterbox&url=ssl%3Aresources.mandmdirect.com%2FImages%2F_default%2Ff%2Fq%2F2%2Ffq2090_1_large.jpg&feedId=2606&k=de0fec649ff204ee105b6e7848339d8d5e023d52,http://www.mandmdirect.ie/01/details/FQ2090,Women's Clothing
Board Angels Womens Hoody With Chest Print Dusty Rose,Womens|Hoodies And Sweatshirts|OTH Hoody,35.95,https://images2.productserve.com/?w=200&h=200&bg=white&trim=5&t=letterbox&url=ssl%3Aresources.mandmdirect.com%2FImages%2F_default%2Ff%2Fq%2F2%2Ffq2091_1_large.jpg&feedId=2606&k=9701fd1c17b40d20d22a4d0a9c92934b187e07be,http://www.mandmdirect.ie/01/details/FQ2091,Women's Clothing
Board Angels Womens Hoody With Chest Print Dove Grey,Womens|Hoodies And Sweatshirts|OTH Hoody,35.95,https://images2.productserve.com/?w=200&h=200&bg=white&trim=5&t=letterbox&url=ssl%3Aresources.mandmdirect.com%2FImages%2F_default%2Ff%2Fq%2F2%2Ffq2092_1_large.jpg&feedId=2606&k=2e8ce223714bd3c426b10e3c47a537106662b924,http://www.mandmdirect.ie/01/details/FQ2092,Women's Clothing
Puma Womens Xtreme Cropped Hoody Puma Black,Womens|Hoodies And Sweatshirts|OTH Hoody,35.95,https://images2.productserve.com/?w=200&h=200&bg=white&trim=5&t=letterbox&url=ssl%3Aresources.mandmdirect.com%2FImages%2F_default%2Fp%2Fu%2F3%2Fpu3340_1_large.jpg&feedId=2606&k=d67b73082a52976025ad90b6123d8d641aa446c6,http://www.mandmdirect.ie/01/details/PU3340,Women's Clothing
Puma Womens Xtreme Cropped Hoody Light Grey Heather,Womens|Hoodies And Sweatshirts|OTH Hoody,35.95,https://images2.productserve.com/?w=200&h=200&bg=white&trim=5&t=letterbox&url=ssl%3Aresources.mandmdirect.com%2FImages%2F_default%2Fp%2Fu%2F3%2Fpu3342_1_large.jpg&feedId=2606&k=06eb47bd61ced9690e981429a567440f1e1a73c9,http://www.mandmdirect.ie/01/details/PU3342,Women's Clothing
Reebok Womens Workout Ready Graphic Speedwick Hoody Blue/Navy,Womens|Hoodies And Sweatshirts|OTH Hoody,17.95,https://images2.productserve.com/?w=200&h=200&bg=white&trim=5&t=letterbox&url=ssl%3Aresources.mandmdirect.com%2FImages%2F_default%2Fr%2Fe%2F8%2Fre8188_1_large.jpg&feedId=2606&k=7a9748dabd9205466962d500d2fdb67bc58f3f9f,http://www.mandmdirect.ie/01/details/RE8188,Women's Clothing
adidas Womens Run Girls Running Crop Sweat Black,Womens|Hoodies And Sweatshirts|Sweatshirts,10.95,https://images2.productserve.com/?w=200&h=200&bg=white&trim=5&t=letterbox&url=ssl%3Aresources.mandmdirect.com%2FImages%2F_default%2Fa%2Fd%2F1%2Fad12854_1_large.jpg&feedId=2606&k=1c04a4a9f6a2bdd72b29dbe52e4cac114d151778,http://www.mandmdirect.ie/01/details/AD12854,Women's Clothing
adidas Womens X Salinas Tropical ClimaLite Long Tight Leggings Craft Pink/Green/Bold Blue,Womens|Sports Performance Bottoms|Sports Performance Bottoms,23.95,https://images2.productserve.com/?w=200&h=200&bg=white&trim=5&t=letterbox&url=ssl%3Aresources.mandmdirect.com%2FImages%2F_default%2Fa%2Fd%2F1%2Fad13789_1_large.jpg&feedId=2606&k=6ab3db5b4b043987e32748e990aa276b28092fb7,http://www.mandmdirect.ie/01/details/AD13789,Women's Sportswear
adidas Womens Ozweego 3 Stripe ClimaLite Running Tight Leggings Black/Blast Blue,Womens|Sports Performance Bottoms|Sports Performance Bottoms,17.95,https://images2.productserve.com/?w=200&h=200&bg=white&trim=5&t=letterbox&url=ssl%3Aresources.mandmdirect.com%2FImages%2F_default%2Fa%2Fd%2F1%2Fad13800_1_large.jpg&feedId=2606&k=d12b7f6e3d1642bf234164245557bf6817aa43a6,http://www.mandmdirect.ie/01/details/AD13800,Women's Sportswear
adidas Womens Response 3 Stripe ClimaLite 3/4 Running Capri Leggings Black/Solar Pink,Womens|Sports Performance Bottoms|Sports Performance Bottoms,23.95,https://images2.productserve.com/?w=200&h=200&bg=white&trim=5&t=letterbox&url=ssl%3Aresources.mandmdirect.com%2FImages%2F_default%2Fa%2Fd%2F1%2Fad13803_1_large.jpg&feedId=2606&k=a7d40e663c6b20ed5d302763a00892ee63eb3a94,http://www.mandmdirect.ie/01/details/AD13803,Women's Sportswear
adidas Womens Ozweego 3 Stripe ClimaLite 3/4 Running Capri Leggings Black/Flash Pink,Womens|Sports Performance Bottoms|Sports Performance Bottoms,23.95,https://images2.productserve.com/?w=200&h=200&bg=white&trim=5&t=letterbox&url=ssl%3Aresources.mandmdirect.com%2FImages%2F_default%2Fa%2Fd%2F1%2Fad13807_1_large.jpg&feedId=2606&k=e2cc3959771ca07f353b71471ad12096cd36b75d,http://www.mandmdirect.ie/01/details/AD13807,Women's Sportswear
adidas Womens Essentials Linear Logo Tight Leggings Black,Womens|Sports Performance Bottoms|Sports Performance Bottoms,20.95,https://images2.productserve.com/?w=200&h=200&bg=white&trim=5&t=letterbox&url=ssl%3Aresources.mandmdirect.com%2FImages%2F_default%2Fa%2Fd%2F1%2Fad13814_1_large.jpg&feedId=2606&k=46f09fc56afa1ea7a9668c7ac581a9082a96002e,http://www.mandmdirect.ie/01/details/AD13814,Women's Sportswear
adidas Womens Supernova Tech ClimaLite 3/4 Running Capri Leggings Vapour Green,Womens|Sports Performance Bottoms|Sports Performance Bottoms,23.95,https://images2.productserve.com/?w=200&h=200&bg=white&trim=5&t=letterbox&url=ssl%3Aresources.mandmdirect.com%2FImages%2F_default%2Fa%2Fd%2F1%2Fad13833_1_large.jpg&feedId=2606&k=20697b77805fbdc876f0afe2a46f174fcd1c9d90,http://www.mandmdirect.ie/01/details/AD13833,Women's Sportswear
adidas Womens WOW Printed ClimaLite Running Tight Leggings Black/White,Womens|Sports Performance Bottoms|Sports Performance Bottoms,35.95,https://images2.productserve.com/?w=200&h=200&bg=white&trim=5&t=letterbox&url=ssl%3Aresources.mandmdirect.com%2FImages%2F_default%2Fa%2Fd%2F1%2Fad13834_1_large.jpg&feedId=2606&k=8ac2bfcb4f032ce41d456e02038edccc108aa5ad,http://www.mandmdirect.ie/01/details/AD13834,Women's Sportswear
adidas Womens WOW Printed ClimaLite Running Tight Leggings Utility Blue/Collegiate Navy,Womens|Sports Performance Bottoms|Sports Performance Bottoms,35.95,https://images2.productserve.com/?w=200&h=200&bg=white&trim=5&t=letterbox&url=ssl%3Aresources.mandmdirect.com%2FImages%2F_default%2Fa%2Fd%2F1%2Fad13835_1_large.jpg&feedId=2606&k=7fd3a2f55d8ed99541b010e7a8e265f48f3b5c0d,http://www.mandmdirect.ie/01/details/AD13835,Women's Sportswear
adidas Womens Designed 2 Move 3/4 Tights Print/Black,Womens|Sports Performance Bottoms|Sports Performance Bottoms,17.95,https://images2.productserve.com/?w=200&h=200&bg=white&trim=5&t=letterbox&url=ssl%3Aresources.mandmdirect.com%2FImages%2F_default%2Fa%2Fd%2F1%2Fad13978_1_large.jpg&feedId=2606&k=0ecccf29d28ce6fdc0b79b97c657474bbe80a130,http://www.mandmdirect.ie/01/details/AD13978,Women's Sportswear
adidas Womens Supernova Long Tights Black,Womens|Sports Performance Bottoms|Sports Performance Bottoms,41.95,https://images2.productserve.com/?w=200&h=200&bg=white&trim=5&t=letterbox&url=ssl%3Aresources.mandmdirect.com%2FImages%2F_default%2Fa%2Fd%2F1%2Fad13980_1_large.jpg&feedId=2606&k=f665682c40e0d301d01a268b7a93087bc072390d,http://www.mandmdirect.ie/01/details/AD13980,Women's Sportswear
Asics Womens Stripe Performance Running Capri Leggings Performance Black/Chameleon Rose,Womens|Sports Performance Bottoms|Sports Performance Bottoms,14.95,https://images2.productserve.com/?w=200&h=200&bg=white&trim=5&t=letterbox&url=ssl%3Aresources.mandmdirect.com%2FImages%2F_default%2Fa%2Fs%2F1%2Fas1230_1_large.jpg&feedId=2606&k=541c1b49413bd51522d638ee1df43bef0bcba57a,http://www.mandmdirect.ie/01/details/AS1230,Women's Sportswear
Asics Womens Gel Innovate 7 Stability Running Shoes Diva Pink/White/Indigo Blue,Womens|Trainers|Running Shoes,59.95,https://images2.productserve.com/?w=200&h=200&bg=white&trim=5&t=letterbox&url=ssl%3Aresources.mandmdirect.com%2FImages%2F_default%2Fa%2Fs%2F1%2Fas1321_1_large.jpg&feedId=2606&k=5464fc3d2c789792711aec33970ece4a493ff642,http://www.mandmdirect.ie/01/details/AS1321,Women's Footwear
Asics Womens Gel Sonoma 3 Trail Running Shoes Carbon/Silver/Diva Pink,Womens|Trainers|Running Shoes,53.95,https://images2.productserve.com/?w=200&h=200&bg=white&trim=5&t=letterbox&url=ssl%3Aresources.mandmdirect.com%2FImages%2F_default%2Fa%2Fs%2F1%2Fas1322_1_large.jpg&feedId=2606&k=d054303e083351e4cb631e8646de4a1b48ff471b,http://www.mandmdirect.ie/01/details/AS1322,Women's Footwear
Asics Womens Gel Impression 9 Neutral Running Shoes Diva Pink/Coral Pink/White,Womens|Trainers|Running Shoes,47.95,https://images2.productserve.com/?w=200&h=200&bg=white&trim=5&t=letterbox&url=ssl%3Aresources.mandmdirect.com%2FImages%2F_default%2Fa%2Fs%2F1%2Fas1323_1_large.jpg&feedId=2606&k=fa908fd76e2481181c0e27c7226dbd422141facf,http://www.mandmdirect.ie/01/details/AS1323,Women's Footwear
Asics Womens Gel Venture 5 Trail Running Shoes Carbon/Diva Pink/Bay,Womens|Trainers|Running Shoes,47.95,https://images2.productserve.com/?w=200&h=200&bg=white&trim=5&t=letterbox&url=ssl%3Aresources.mandmdirect.com%2FImages%2F_default%2Fa%2Fs%2F1%2Fas1324_1_large.jpg&feedId=2606&k=15605588e727e5c55c0a1e7bdfb1c0750123ebd8,http://www.mandmdirect.ie/01/details/AS1324,Women's Footwear
Asics Womens Gel Contend 4 Neutral Running Shoes Pink Glow/Silver/Black,Womens|Trainers|Running Shoes,41.95,https://images2.productserve.com/?w=200&h=200&bg=white&trim=5&t=letterbox&url=ssl%3Aresources.mandmdirect.com%2FImages%2F_default%2Fa%2Fs%2F1%2Fas1325_1_large.jpg&feedId=2606&k=057709ed8f613ea2de8835172ec1e86c411c3c28,http://www.mandmdirect.ie/01/details/AS1325,Women's Footwear
Asics Womens Gel Contend 4 Neutral Running Shoes Black/Silver/Flash Coral,Womens|Trainers|Running Shoes,41.95,https://images2.productserve.com/?w=200&h=200&bg=white&trim=5&t=letterbox&url=ssl%3Aresources.mandmdirect.com%2FImages%2F_default%2Fa%2Fs%2F1%2Fas1326_1_large.jpg&feedId=2606&k=4af1356bd5752ba7c1f60a868896f6acca90348b,http://www.mandmdirect.ie/01/details/AS1326,Women's Footwear
Asics Womens Gel Galaxy 9 Neutral Running Shoes Diva Blue/White/Flash Coral,Womens|Trainers|Running Shoes,41.95,https://images2.productserve.com/?w=200&h=200&bg=white&trim=5&t=letterbox&url=ssl%3Aresources.mandmdirect.com%2FImages%2F_default%2Fa%2Fs%2F1%2Fas1328_1_large.jpg&feedId=2606&k=b11da6bf6f5aa785a374b9fd4f6da6f7187232e8,http://www.mandmdirect.ie/01/details/AS1328,Women's Footwear
Asics Womens Gel Galaxy 9 Neutral Running Shoes Black/White/Snow,Womens|Trainers|Running Shoes,47.95,https://images2.productserve.com/?w=200&h=200&bg=white&trim=5&t=letterbox&url=ssl%3Aresources.mandmdirect.com%2FImages%2F_default%2Fa%2Fs%2F1%2Fas1329_1_large.jpg&feedId=2606&k=a3bc27b087d3b70b8f6635103b62194eaa0e3f11,http://www.mandmdirect.ie/01/details/AS1329,Women's Footwear
Asics Womens Patriot 8 Neutral Running Shoes Diva Pink/White/Orchid,Womens|Trainers|Running Shoes,41.95,https://images2.productserve.com/?w=200&h=200&bg=white&trim=5&t=letterbox&url=ssl%3Aresources.mandmdirect.com%2FImages%2F_default%2Fa%2Fs%2F1%2Fas1330_1_large.jpg&feedId=2606&k=348d8e9e335be45fd39c5d88fdb7ebd855e4baad,http://www.mandmdirect.ie/01/details/AS1330,Women's Footwear
Asics Womens Patriot 8 Neutral Running Shoes Black/Hot Pink/White,Womens|Trainers|Running Shoes,35.95,https://images2.productserve.com/?w=200&h=200&bg=white&trim=5&t=letterbox&url=ssl%3Aresources.mandmdirect.com%2FImages%2F_default%2Fa%2Fs%2F1%2Fas1331_1_large.jpg&feedId=2606&k=4b2faf773f78dcb09bf836f0822be5a662405931,http://www.mandmdirect.ie/01/details/AS1331,Women's Footwear
Asics Womens Gel Foundation 12 Stability Running Shoes Black/Soothing Sea/Phlox,Womens|Trainers|Running Shoes,83.95,https://images2.productserve.com/?w=200&h=200&bg=white&trim=5&t=letterbox&url=ssl%3Aresources.mandmdirect.com%2FImages%2F_default%2Fa%2Fs%2F1%2Fas1339_1_large.jpg&feedId=2606&k=ce980b65cbb1bfb52749eeef19b9cdb88232d9bb,http://www.mandmdirect.ie/01/details/AS1339,Women's Footwear
